SHOT_RESULT,LOCATION,W,FINAL_MARGIN,SHOT_NUMBER,SHOT_CLOCK,DRIBBLES,TOUCH_TIME,SHOT_DIST,PTS_TYPE,CLOSE_DEF_DIST,GAME_TIME
1,-1,1,15,2,15.5,0,0.8,3.3,2,6.0,572
1,1,1,3,22,6.6,0,0.7,9.5,2,3.7,2275
1,1,-1,-13,14,16.6,5,4.1,10.3,2,3.7,2808
0,-1,-1,-18,4,1.0,2,2.3,8.1,2,1.6,8
0,1,-1,-8,13,18.5,0,1.7,5.3,2,1.1,2206
0,1,-1,-8,17,6.4,0,0.9,2.6,2,1.6,2310
0,-1,1,20,14,7.1,10,9.2,25.4,3,4.5,1760
1,-1,1,12,16,14.6,0,0.7,5.9,2,1.9,2474
1,-1,-1,-4,11,11.6,1,1.9,18.2,2,9.1,2043
0,1,-1,-10,4,15.1,2,2.5,16.0,2,2.4,2688
1,-1,1,11,9,15.0,6,4.5,25.5,3,4.1,1215
0,1,1,18,5,0.0,3,2.4,8.0,2,0.9,2096
0,-1,1,25,10,14.8,0,1.0,15.8,2,4.7,2483
0,1,-1,-9,17,10.4,1,3.0,3.1,2,3.4,1748
0,1,-1,-6,1,12.1,0,4.7,13.1,2,4.2,560
1,1,-1,-24,15,6.8,0,0.8,20.3,2,7.2,2000
1,-1,1,5,4,12.8,1,3.6,24.6,3,6.1,337
0,-1,-1,-6,7,7.1,0,0.7,19.9,2,4.7,2758
0,-1,1,21,5,5.1,4,8.7,6.0,2,2.3,1494
1,1,-1,-1,4,3.0,1,1.2,19.3,2,3.6,2112
0,-1,1,7,12,5.8,1,2.9,11.1,2,4.1,2201
0,-1,-1,-12,3,11.4,0,0.9,26.1,3,1.8,306
1,-1,-1,-4,4,21.6,1,1.4,3.8,2,5.3,201
1,1,1,20,1,3.0,0,1.8,19.7,2,2.6,1190
0,-1,-1,-5,4,7.8,0,0.8,25.0,3,4.4,2036
1,1,1,8,12,8.0,0,4.2,17.3,2,5.2,2791
0,1,1,10,15,4.7,3,6.5,24.7,3,9.2,2275
1,-1,-1,-5,1,12.7,3,3.2,9.3,2,3.3,113
1,-1,1,11,2,12.1,0,0.1,1.6,2,2.5,634
1,1,1,6,10,12.0,12,11.6,10.1,2,4.6,2328
0,1,-1,-4,12,9.8,16,15.1,14.4,2,4.2,2936
0,-1,1,7,2,5.2,0,0.7,25.4,3,3.9,2677
1,1,-1,-7,3,13.6,0,0.4,0.4,2,2.6,95
0,1,-1,-5,6,10.5,1,1.6,12.1,2,1.0,178
1,-1,-1,-8,8,15.4,9,8.6,16.9,2,5.6,1487
1,-1,1,20,5,11.2,0,0.7,23.0,3,4.6,1694
1,-1,1,31,4,4.2,0,0.2,1.2,2,2.9,1450
1,1,-1,-4,1,5.9,0,0.6,0.9,2,2.2,591
0,1,-1,-16,15,5.5,0,0.8,21.8,2,7.1,2490
1,-1,1,22,2,12.8,1,2.7,5.1,2,1.6,602
0,-1,1,7,2,9.4,1,1.5,6.7,2,2.0,402
0,1,-1,-22,3,16.1,0,0.9,24.1,3,4.4,982
1,-1,1,4,5,9.0,0,0.6,1.5,2,1.8,1124
1,1,-1,-11,17,17.5,4,4.1,21.1,2,3.6,1597
0,1,-1,-13,12,13.9,2,3.1,8.8,2,2.3,1469
0,1,1,6,11,7.3,0,-3.2,3.7,2,2.2,928
0,-1,1,4,2,10.2,2,2.6,15.1,2,3.7,1191
0,-1,1,8,8,15.5,1,1.2,2.5,2,2.1,1858
1,-1,1,9,4,10.3,0,0.8,1.1,2,1.9,1513
0,-1,-1,-5,6,13.2,3,4.0,8.6,2,2.6,269
1,-1,1,12,4,13.7,0,0.7,23.2,3,4.8,808
1,-1,-1,-2,5,15.0,10,8.9,21.3,2,4.7,1807
0,-1,1,3,2,3.0,0,1.0,2.0,2,1.4,367
1,-1,1,17,9,3.5,5,4.1,7.8,2,1.0,2700
1,1,-1,-11,5,14.9,0,0.9,20.0,2,5.4,2823
1,-1,-1,-17,2,0.0,1,3.5,4.0,2,6.5,2
1,-1,1,7,5,9.0,5,4.0,2.3,2,1.4,1338
0,-1,-1,-6,8,6.3,0,0.8,6.1,2,2.7,1995
0,1,1,2,1,13.3,0,1.8,1.0,2,0.6,1144
0,-1,1,7,3,12.6,2,2.8,8.8,2,3.2,335
0,1,-1,-11,10,19.5,2,1.6,6.1,2,1.7,1041
1,-1,1,2,2,11.6,3,5.7,24.2,3,5.3,1057
1,-1,-1,-4,10,24.0,0,1.1,2.0,2,1.3,1707
1,-1,-1,-13,2,19.3,0,1.0,23.7,3,5.1,487
0,1,1,2,3,11.1,0,1.0,24.5,3,5.7,329
0,1,1,4,6,16.6,0,0.8,25.2,3,4.7,1404
1,-1,1,11,17,13.1,10,9.6,16.8,2,3.4,2375
1,1,1,8,3,18.2,0,0.9,24.4,3,9.1,461
1,-1,-1,-5,7,10.2,1,1.4,15.1,2,4.1,2803
1,1,1,8,14,10.0,3,2.2,2.2,2,1.1,1663
0,-1,-1,-3,1,16.0,0,1.1,24.0,3,6.2,302
0,-1,-1,-9,11,6.0,3,3.7,8.7,2,2.5,1805
0,1,-1,-19,10,9.6,0,0.9,24.4,3,4.8,2146
1,1,-1,-13,5,24.0,0,1.0,2.7,2,1.1,191
0,-1,-1,-1,13,6.1,0,1.8,20.0,2,5.5,1969
1,1,-1,-12,8,10.4,8,6.3,19.5,2,3.8,2840
0,-1,-1,-9,11,9.5,4,6.0,3.3,2,2.6,1943
1,1,-1,-13,8,15.4,10,8.7,18.9,2,4.3,1880
1,1,1,5,4,16.0,0,0.7,3.8,2,2.6,580
0,-1,1,8,5,1.0,0,1.1,24.5,3,3.9,1498
1,1,1,1,1,16.0,0,1.0,25.4,3,8.5,677
0,-1,-1,-5,5,14.6,2,3.8,17.5,2,3.9,908
1,1,-1,-10,3,22.6,1,1.2,2.6,2,1.4,357
0,1,-1,-7,21,3.0,8,13.8,20.6,2,1.5,1623
1,-1,1,4,9,8.9,0,0.8,13.0,2,11.3,2145
1,-1,-1,-9,2,6.0,12,9.9,5.8,2,2.4,1366
1,-1,1,6,1,6.3,2,2.6,8.3,2,2.7,684
1,1,-1,-3,15,1.0,3,3.1,20.7,2,3.1,2406
0,-1,1,11,3,15.9,0,1.6,15.6,2,6.7,1192
0,-1,-1,-17,10,13.8,1,2.4,6.4,2,1.6,2458
1,-1,1,16,7,24.0,1,1.6,0.8,2,3.1,2790
0,-1,-1,-8,5,2.2,0,0.8,13.9,2,3.3,322
0,-1,1,21,9,8.6,1,2.3,24.8,3,2.9,1661
0,-1,1,30,2,2.7,0,0.9,23.4,3,4.5,640
1,-1,-1,-13,3,11.8,0,0.6,1.3,2,3.6,978
0,-1,1,13,1,8.6,0,1.1,24.6,3,12.3,620
1,1,-1,-5,1,16.7,10,7.6,12.6,2,2.8,613
0,-1,-1,-8,1,16.2,0,0.8,18.4,2,6.8,461
0,-1,1,15,9,22.5,0,1.2,24.0,3,7.2,2512
0,1,1,19,4,13.8,1,1.4,2.4,2,0.7,1092
1,1,-1,-4,4,5.0,0,1.0,2.3,2,3.2,1544
0,1,-1,-53,3,22.8,0,1.1,6.2,2,3.1,1008
0,1,-1,-8,14,8.3,2,1.2,20.2,2,1.5,2442
1,1,1,18,12,12.9,0,0.8,1.7,2,5.1,1693
1,1,1,5,9,13.4,0,0.6,4.3,2,3.7,1624
0,1,-1,-12,13,8.0,0,1.7,24.4,3,11.8,2144
1,-1,1,7,2,9.2,2,3.1,8.2,2,2.4,1806
1,-1,1,11,2,20.6,1,1.8,2.5,2,6.8,454
1,1,-1,-16,6,21.4,1,1.3,5.8,2,3.1,2037
1,1,-1,-10,2,17.5,7,7.3,3.8,2,2.7,2377
0,1,1,7,13,16.0,10,8.1,17.6,2,2.5,1498
1,1,1,10,14,22.9,0,1.7,6.7,2,2.5,2391
0,-1,-1,-9,6,0.0,2,4.6,7.7,2,2.1,1204
0,1,-1,-12,3,5.6,2,2.3,4.9,2,1.6,416
1,-1,-1,-7,1,20.9,1,3.1,2.8,2,2.1,1269
1,-1,1,6,7,15.0,3,4.0,2.4,2,4.3,1498
1,1,1,8,10,12.0,1,1.3,13.8,2,4.4,1771
0,1,-1,-7,7,8.2,0,0.9,24.7,3,6.0,792
0,-1,1,3,2,18.5,0,0.8,17.3,2,7.6,108
0,1,-1,-19,10,17.2,3,3.1,1.5,2,2.6,1806
0,-1,-1,-2,7,6.0,1,2.5,8.8,2,3.0,2541
0,1,-1,-3,10,11.3,0,3.6,23.7,3,4.2,1743
0,-1,1,2,13,13.8,1,1.5,18.5,2,4.0,1477
1,1,1,6,5,0.0,0,0.0,1.8,2,3.1,2546
0,-1,1,23,9,9.8,0,0.5,1.0,2,4.7,2320
1,1,1,18,7,6.0,1,3.0,5.8,2,1.9,733
0,-1,-1,-3,5,10.4,0,0.8,24.9,3,6.8,199
0,-1,1,3,5,8.7,0,-0.1,17.6,2,5.5,1097
0,-1,-1,-5,5,0.0,0,0.8,26.1,3,7.2,285
0,1,-1,-4,10,15.5,0,0.8,19.8,2,3.1,1512
1,-1,-1,-6,3,12.5,0,0.8,20.7,2,4.2,1202
1,1,-1,-21,7,12.5,11,10.8,3.1,2,0.0,2277
1,1,1,7,7,8.6,2,4.1,2.5,2,3.1,1578
0,-1,-1,-7,9,11.5,0,0.8,23.0,3,8.2,2741
0,-1,-1,-10,1,20.1,1,2.5,15.6,2,2.8,198
0,-1,1,4,9,13.9,4,4.5,1.2,2,2.4,1834
0,1,1,13,11,0.8,0,2.2,20.7,2,6.7,1505
1,-1,1,18,6,13.5,13,10.1,11.2,2,5.4,2800
1,1,-1,-8,19,20.0,5,4.9,3.4,2,1.9,1716
1,1,1,3,8,4.8,1,1.2,7.9,2,0.5,2525
0,-1,1,16,9,11.5,0,1.1,21.0,2,6.0,964
0,-1,-1,-9,11,7.7,2,6.6,6.8,2,2.0,1909
0,1,-1,-6,2,9.2,0,1.0,24.2,3,6.1,1110
0,1,1,18,7,6.4,2,2.5,24.9,3,4.0,2675
0,1,1,6,5,9.3,0,0.8,25.1,3,5.1,1706
1,-1,-1,-6,7,3.8,0,1.1,11.7,2,5.4,2122
0,1,1,2,4,14.4,1,2.8,22.8,3,2.9,2754
0,-1,1,27,6,13.7,0,0.8,23.6,3,4.9,2470
0,-1,1,13,6,8.8,0,0.8,22.8,3,18.2,2183
0,1,1,12,7,2.2,6,5.4,10.4,2,3.2,1097
0,1,1,9,3,7.9,0,0.8,24.2,3,6.2,1485
1,1,-1,-15,2,8.7,0,0.8,12.2,2,4.1,436
0,1,1,3,1,1.0,4,3.2,26.0,3,4.9,2
0,-1,1,7,4,11.5,3,3.4,21.0,2,4.6,1000
1,1,-1,-21,4,11.5,15,12.7,14.3,2,3.2,1245
0,1,1,8,4,12.0,0,1.1,8.0,2,2.3,308
1,-1,1,20,12,14.8,5,3.6,15.7,2,5.0,1752
1,1,1,5,10,6.0,3,5.3,2.8,2,0.2,1020
0,1,-1,-20,6,14.0,2,3.1,9.1,2,3.4,1613
0,1,-1,-8,5,12.0,4,4.9,3.1,2,0.7,1643
0,1,1,6,4,6.1,0,2.7,17.9,2,5.0,1516
0,-1,1,37,3,10.5,2,5.4,9.5,2,2.7,1159
1,1,-1,-8,8,8.8,0,0.8,16.7,2,2.0,1917
0,-1,-1,-15,17,13.6,1,2.2,25.4,3,6.5,2779
0,-1,1,42,11,10.2,15,14.4,18.6,2,4.2,2291
0,1,1,2,3,17.3,4,5.1,24.4,3,7.4,200
1,-1,1,11,16,14.1,9,11.5,17.4,2,4.2,2408
1,1,1,5,4,16.9,2,2.9,16.1,2,2.0,466
0,-1,1,14,4,9.2,0,2.0,2.4,2,1.2,2330
1,-1,1,28,10,16.0,7,7.3,24.9,3,5.7,1502
1,-1,1,48,7,24.0,0,0.3,3.2,2,3.2,747
1,-1,1,11,11,3.9,3,5.6,5.3,2,7.3,1977
0,-1,1,19,2,17.8,0,1.1,24.0,3,5.5,900
1,-1,-1,-15,7,14.9,1,2.2,6.8,2,3.1,2050
1,1,1,12,3,11.2,2,1.9,4.7,2,2.3,1119
0,-1,1,13,15,12.4,0,0.9,7.5,2,1.5,2329
0,-1,-1,-2,13,11.4,1,3.0,19.9,2,3.3,1898
1,-1,-1,-6,2,24.0,0,0.7,2.3,2,2.6,1277
0,-1,1,13,15,11.5,15,12.1,25.2,3,4.7,2427
0,1,1,17,12,5.1,0,1.3,23.9,3,15.2,2351
1,-1,1,2,4,2.5,2,3.6,10.2,2,5.5,2857
1,1,-1,-1,3,4.5,2,2.5,5.3,2,0.1,1148
1,1,-1,-16,5,5.4,0,1.2,1.6,2,3.2,1110
1,-1,1,5,7,9.4,2,2.1,8.8,2,3.0,2012
0,1,1,15,11,17.2,1,1.1,16.8,2,1.8,1982
0,1,1,10,2,8.7,2,2.9,3.4,2,2.1,568
0,1,1,4,1,11.6,2,3.1,15.8,2,4.9,619
0,1,1,25,3,6.7,0,0.6,22.5,3,3.3,1403
0,-1,-1,-28,1,14.0,0,0.7,6.7,2,1.0,74
0,-1,-1,-11,1,19.9,0,0.0,1.2,2,4.1,583
0,1,-1,-2,4,4.8,0,1.5,17.1,2,4.1,1510
1,-1,1,27,8,13.1,12,10.4,17.4,2,5.9,1976
1,1,1,5,12,24.0,0,0.9,4.4,2,3.6,1512
0,-1,-1,-1,1,4.5,0,0.8,26.6,3,4.9,1351
0,-1,1,8,4,17.7,4,3.7,6.9,2,1.9,458
0,1,-1,-1,8,6.3,2,2.1,10.2,2,2.7,2689
0,-1,1,9,2,5.5,0,1.7,23.3,3,3.2,1730
1,-1,1,5,6,8.8,0,1.0,20.4,2,9.0,2793
0,-1,1,12,4,11.2,0,0.7,22.8,3,8.1,1179
1,1,1,12,2,0.0,0,0.9,22.7,3,7.2,378
0,1,-1,-29,11,16.0,11,8.1,8.8,2,2.2,1663
1,-1,1,5,4,18.4,0,1.0,24.2,3,4.3,1782
1,1,1,3,5,15.9,0,1.2,19.4,2,11.3,1099
0,1,-1,-22,4,9.0,0,0.8,1.0,2,1.1,1211
0,1,1,16,16,14.5,12,9.3,24.0,3,5.8,1764
1,-1,1,16,5,10.4,2,1.9,13.0,2,3.6,1804
1,-1,-1,-4,7,24.0,0,0.8,0.5,2,1.0,1898
0,1,1,28,12,5.7,10,15.2,27.0,3,3.6,1807
0,-1,1,8,11,14.2,10,10.4,12.3,2,3.2,2058
1,1,1,20,2,14.0,0,0.9,22.4,3,5.7,365
0,-1,1,7,1,10.2,1,3.1,15.4,2,2.2,135
0,-1,-1,-6,33,19.9,2,2.3,2.4,2,1.2,2433
1,-1,-1,-12,2,0.0,0,0.9,16.2,2,4.2,188
0,1,-1,-25,3,17.2,9,7.7,7.1,2,1.4,1566
1,-1,-1,-1,9,8.7,4,4.6,9.8,2,3.2,2101
0,1,-1,-7,1,2.6,0,1.1,5.6,2,1.2,60
1,1,1,38,5,16.7,0,0.8,25.9,3,6.1,2729
0,-1,1,11,12,0.0,7,5.8,25.3,3,6.2,2038
0,1,1,6,1,2.9,2,4.3,8.9,2,2.1,1247
1,1,-1,-25,5,15.2,7,9.0,12.4,2,4.7,1431
1,-1,1,15,21,15.6,0,2.3,24.5,3,4.4,1868
0,-1,-1,-24,9,0.0,2,3.1,6.3,2,1.6,1440
0,1,1,6,12,24.0,0,0.0,4.5,2,1.9,2228
1,1,-1,-7,19,9.9,4,5.3,3.4,2,1.3,2548
0,-1,1,16,4,12.0,0,0.9,22.7,3,16.3,1285
1,1,-1,-11,16,9.5,2,2.2,20.3,2,4.4,1552
1,1,-1,-11,4,12.9,2,2.4,3.8,2,4.4,345
1,-1,-1,-21,1,3.0,10,8.4,22.5,2,4.1,648
1,-1,-1,-3,3,12.3,0,1.0,3.5,2,1.9,2108
1,1,1,18,4,16.6,0,1.1,24.7,3,7.5,1204
1,1,-1,-25,6,6.9,1,2.4,3.9,2,1.7,1894
1,-1,1,4,6,15.4,1,2.7,3.2,2,1.9,896
0,-1,1,29,1,8.5,0,1.0,24.2,3,4.5,442
0,1,1,7,1,14.6,11,8.5,11.5,2,1.9,2744
0,-1,1,4,2,13.5,1,1.4,0.3,2,4.3,1334
0,-1,1,11,3,14.9,0,0.9,17.2,2,3.2,1329
1,1,1,11,10,8.6,1,1.9,25.0,3,7.5,2045
1,1,1,15,3,5.8,2,4.4,6.0,2,1.9,1117
1,1,-1,-9,5,12.2,0,0.8,13.4,2,5.8,199
1,1,-1,-9,6,19.6,0,0.9,17.9,2,8.2,887
0,-1,1,4,7,15.3,0,1.1,24.8,3,5.5,1271
1,1,1,2,1,19.5,0,0.9,2.7,2,2.8,479
0,1,-1,-8,14,18.2,0,1.1,0.7,2,2.7,2534
1,1,-1,-6,5,5.1,2,4.0,2.5,2,4.1,217
0,-1,-1,-9,3,13.3,1,1.7,6.1,2,4.6,411
0,1,-1,-23,11,9.1,0,2.6,15.8,2,3.9,1972
0,1,1,7,3,11.0,0,0.6,19.3,2,3.1,2762
0,1,1,29,5,17.9,0,1.2,22.0,3,8.0,1925
0,1,-1,-2,5,13.0,1,1.9,19.4,2,4.1,51
0,1,1,12,7,3.7,0,0.8,24.2,3,5.9,811
1,1,-1,-5,5,18.5,5,4.6,7.8,2,2.9,1153
1,-1,1,13,6,23.0,0,1.3,16.9,2,4.1,1112
0,-1,-1,-7,20,19.3,5,5.2,4.0,2,1.7,2254
0,-1,-1,-10,10,6.0,2,2.7,17.2,2,5.6,2393
1,-1,1,8,6,15.3,7,6.6,4.4,2,3.7,1949
0,-1,1,11,6,10.6,0,0.8,8.0,2,5.4,897
1,1,-1,-19,2,8.9,4,4.8,17.2,2,0.2,525
0,1,-1,-4,12,4.0,5,5.2,19.4,2,3.5,2480
0,1,-1,-2,3,9.7,4,2.9,10.0,2,2.4,264
0,-1,-1,-13,7,0.0,1,1.4,7.4,2,0.9,1949
0,1,-1,-4,3,9.0,0,1.0,15.3,2,4.3,1252
0,-1,-1,-14,4,5.8,1,3.5,4.6,2,1.8,2861
0,-1,1,8,8,15.6,11,8.0,16.4,2,6.5,1871
1,-1,1,10,3,5.0,21,19.6,16.8,2,4.6,728
1,1,1,29,1,10.4,1,2.5,11.2,2,4.2,705
0,-1,1,8,1,19.3,0,1.0,14.8,2,5.2,182
1,-1,1,9,4,13.0,1,1.5,2.8,2,3.0,2761
1,-1,1,4,1,13.7,0,0.9,20.4,2,3.6,635
1,-1,-1,-11,10,13.5,1,3.6,6.4,2,1.9,1815
0,1,-1,-5,1,10.5,0,1.0,24.0,3,8.8,354
1,1,-1,-7,6,11.3,7,8.0,3.7,2,3.0,850
0,1,-1,-1,3,0.0,8,6.4,20.5,2,8.9,2
0,-1,-1,-23,5,13.5,0,0.8,24.0,3,5.1,205
0,-1,1,13,4,10.0,0,0.7,19.5,2,5.6,1963
0,1,1,12,6,0.0,0,1.1,21.7,2,5.9,952
1,-1,1,7,11,9.0,1,3.8,2.5,2,4.4,1801
0,-1,-1,-7,7,14.3,3,2.6,3.5,2,0.7,2496
1,-1,-1,-10,19,0.0,1,1.6,4.7,2,1.9,2168
0,1,-1,-12,6,0.0,0,0.7,27.8,3,6.5,721
0,1,-1,-11,1,14.0,0,0.8,16.4,2,3.2,1413
0,-1,-1,-28,9,16.8,5,6.3,20.3,2,5.6,1911
0,-1,-1,-21,3,13.0,0,0.8,23.3,3,7.5,1299
1,-1,1,27,15,18.0,7,6.0,4.5,2,3.0,1627
1,-1,-1,-9,10,20.9,5,4.2,4.3,2,3.7,2610
1,1,-1,-2,6,21.0,0,1.2,2.3,2,17.7,1932
1,-1,-1,-5,5,6.3,0,1.0,22.8,3,10.1,382
0,1,-1,-13,6,10.6,0,0.3,18.5,2,4.7,1132
1,1,1,7,17,23.5,0,1.1,4.2,2,2.1,1495
0,1,1,38,2,4.8,0,0.9,0.7,2,2.1,14
1,-1,1,16,8,12.1,0,1.0,17.8,2,4.8,1511
0,-1,1,3,7,7.0,6,7.2,12.3,2,3.7,943
0,-1,-1,-5,1,4.0,1,1.3,24.2,3,2.6,633
0,-1,1,2,4,7.7,2,5.4,9.1,2,0.2,412
1,-1,1,1,2,21.0,1,2.9,3.5,2,0.2,677
0,1,-1,-4,14,5.7,7,6.8,20.2,2,3.8,2389
1,-1,1,25,5,9.0,1,3.6,4.1,2,2.1,302
1,1,-1,-17,4,16.7,7,6.4,19.2,2,4.6,186
1,1,-1,-2,8,9.9,0,1.4,1.5,2,5.1,2044
1,-1,1,17,8,1.0,18,18.1,11.5,2,2.2,728
1,1,-1,-6,7,24.0,0,0.0,3.9,2,0.4,2461
1,1,1,5,9,12.8,0,0.2,2.0,2,2.6,1882
1,1,-1,-20,3,9.0,0,0.8,23.1,3,6.5,1090
0,1,1,8,3,3.8,2,4.2,9.8,2,1.5,2529
0,-1,-1,-9,8,19.8,3,4.4,3.2,2,0.8,2860
1,-1,-1,-8,10,0.0,14,11.4,4.6,2,2.5,1530
1,-1,-1,-20,9,16.2,0,0.9,17.7,2,7.3,2428
1,-1,-1,-12,3,24.0,0,0.1,0.8,2,2.8,1146
1,1,1,7,4,4.2,3,4.6,17.0,2,2.5,289
0,-1,-1,-8,6,5.8,7,7.2,5.8,2,2.1,1716
0,1,-1,-12,14,20.7,2,2.9,6.0,2,2.8,2217
1,1,1,5,3,10.4,0,0.8,23.8,3,7.7,181
1,1,-1,-34,4,20.0,0,0.3,2.6,2,3.8,2535
1,-1,-1,-12,8,20.5,1,4.2,1.1,2,3.0,1767
0,1,-1,-11,13,4.0,1,2.0,26.5,3,4.6,1528
0,-1,-1,-14,6,23.5,0,0.0,2.7,2,1.8,2380
0,1,-1,-17,9,10.0,2,3.5,15.4,2,2.6,1019
1,1,-1,-5,3,14.6,0,0.7,8.6,2,3.9,1122
1,1,-1,-2,1,15.6,0,0.9,21.5,2,6.4,175
0,1,-1,-3,2,14.0,0,0.7,8.5,2,4.2,120
0,1,-1,-13,8,14.2,4,3.0,20.0,2,5.1,1002
0,1,-1,-6,7,18.8,6,5.6,15.5,2,1.6,2825
1,1,-1,-3,10,1.2,5,3.6,16.2,2,5.6,824
0,1,-1,-8,2,18.6,0,1.3,25.0,3,5.5,578
1,-1,1,5,3,12.8,1,1.2,15.3,2,4.1,1146
0,1,-1,-11,8,0.0,0,0.0,23.9,3,6.4,3
0,1,1,11,1,7.1,2,2.9,17.6,2,3.4,608
1,-1,1,9,1,14.6,0,0.4,2.3,2,2.7,323
0,-1,1,9,8,6.8,7,7.7,11.5,2,3.5,2665
1,-1,1,9,3,11.3,0,0.9,18.7,2,7.7,1746
1,-1,1,7,4,16.4,0,1.1,13.1,2,10.5,1515
1,1,-1,-2,15,3.3,1,3.2,7.1,2,3.1,1850
0,-1,1,19,4,19.0,7,5.5,5.3,2,1.0,296
1,1,1,9,6,16.1,8,8.6,14.8,2,3.3,1930
0,1,-1,-13,3,11.1,4,5.5,19.2,2,4.1,2147
1,1,-1,-5,1,11.2,0,0.0,9.3,2,3.7,706
0,1,-1,-16,6,18.0,6,4.7,5.7,2,0.7,783
1,-1,1,3,1,7.3,7,4.6,11.1,2,3.9,1385
1,1,1,10,10,4.5,3,6.0,5.9,2,0.3,1603
0,-1,-1,-5,5,21.9,0,0.8,5.0,2,2.7,790
1,-1,-1,-8,10,0.0,5,4.2,30.6,3,3.3,1441
0,1,-1,-8,6,4.5,0,0.9,24.6,3,4.7,729
0,-1,1,2,2,10.2,7,5.1,21.1,2,2.9,1243
0,1,1,2,10,11.5,2,3.8,7.9,2,2.1,1975
1,1,1,7,6,6.1,0,0.6,22.9,3,5.7,1143
0,-1,-1,-7,4,19.3,1,4.6,7.3,2,3.4,213
0,-1,-1,-28,3,10.6,1,2.2,4.0,2,0.6,1046
1,1,1,13,15,10.3,1,1.6,6.6,2,1.8,2442
0,-1,1,5,14,11.4,1,1.3,19.8,2,2.3,2971
0,-1,-1,-1,2,4.6,1,2.1,19.8,2,3.2,661
0,-1,-1,-15,13,10.5,2,2.2,14.9,2,3.5,1870
1,1,1,11,4,9.0,0,1.0,23.8,3,12.0,323
1,1,1,2,4,7.1,0,1.3,15.0,2,4.2,1871
1,1,-1,-11,14,13.0,0,0.6,10.3,2,4.9,1910
1,1,1,17,11,10.7,0,1.0,23.2,3,3.3,1851
0,1,-1,-5,2,16.0,7,3.4,24.5,3,9.4,475
0,-1,-1,-25,5,13.0,0,0.8,17.6,2,6.4,965
1,1,-1,-10,1,16.9,0,0.6,9.3,2,4.0,148
0,1,1,17,4,0.0,0,1.0,25.0,3,17.8,868
0,1,-1,-19,1,14.1,3,2.3,11.2,2,3.1,590
0,1,1,6,3,14.0,2,2.8,6.7,2,2.7,418
1,1,-1,-30,5,24.0,0,0.1,1.1,2,2.4,2299
1,-1,-1,-1,6,16.0,8,8.4,2.6,2,2.7,35
1,1,1,6,6,0.0,6,6.2,1.3,2,3.5,754
1,-1,-1,-2,2,8.4,2,1.9,9.7,2,1.9,1161
1,-1,-1,-1,5,19.4,3,4.0,4.7,2,2.9,153
1,1,1,5,9,11.9,0,1.1,23.2,3,2.5,2706
1,1,1,6,21,12.5,3,2.1,20.2,2,4.1,2288
0,1,-1,-4,8,13.0,15,10.9,4.4,2,2.4,1571
1,1,-1,-21,6,12.0,0,1.1,23.5,3,3.5,234
0,1,1,10,10,12.0,3,3.2,24.4,3,3.7,1592
0,-1,-1,-1,4,10.0,0,0.9,18.7,2,5.0,436
1,-1,1,8,2,14.5,0,0.8,25.0,3,4.1,371
0,-1,1,8,9,14.4,0,0.9,24.3,3,5.7,1896
0,-1,1,7,2,12.1,0,1.0,12.2,2,3.7,1111
0,1,-1,-13,2,23.0,1,2.0,3.9,2,3.2,52
0,1,-1,-9,3,0.0,5,4.5,2.2,2,4.6,0
1,1,1,21,2,12.9,3,2.7,4.0,2,4.4,36
0,1,-1,-4,17,0.1,0,1.8,24.4,3,4.9,1756
0,1,1,11,3,9.7,1,3.0,24.4,3,5.9,1192
0,1,1,4,5,0.8,1,6.4,6.6,2,1.3,2427
0,1,-1,-11,5,8.9,0,2.4,21.9,3,2.8,2835
1,1,-1,-17,9,16.3,8,6.6,4.6,2,3.6,2606
0,1,-1,-23,1,14.1,1,1.0,25.8,3,5.6,517
1,1,1,3,2,17.0,0,1.0,6.8,2,1.8,563
1,-1,1,8,10,17.5,0,0.9,25.0,3,3.9,2033
1,-1,1,6,15,10.1,15,14.4,7.1,2,1.9,2406
1,1,-1,-14,8,7.2,0,2.6,14.5,2,2.4,1762
1,-1,1,11,14,10.1,4,5.9,13.3,2,4.2,1824
1,1,-1,-25,3,12.1,12,12.0,3.1,2,2.4,451
0,-1,1,35,3,8.1,0,0.7,17.1,2,5.8,416
1,1,1,18,1,13.7,0,0.9,1.3,2,3.9,659
0,1,1,5,16,19.8,0,0.6,19.0,2,1.8,1637
0,1,1,9,7,15.0,5,8.4,20.3,2,3.7,1827
0,1,-1,-22,1,0.3,0,0.7,25.8,3,3.8,3
0,1,1,8,13,3.4,1,2.1,16.9,2,6.7,1802
1,1,1,7,16,16.0,0,0.8,19.3,2,10.7,2052
0,1,-1,-8,18,17.2,10,6.8,4.8,2,1.5,2199
1,-1,-1,-1,7,16.2,2,2.1,18.4,2,7.5,2013
1,1,1,4,12,4.0,1,4.0,10.0,2,1.8,1894
1,1,1,12,4,8.4,0,1.1,17.9,2,7.1,302
0,-1,-1,-18,8,21.0,0,1.0,24.1,3,2.0,1280
0,-1,1,2,9,9.8,11,12.6,9.7,2,1.7,1514
1,-1,-1,-9,5,11.4,2,6.1,3.4,2,3.3,121
1,1,1,7,9,24.0,0,0.2,1.7,2,3.2,2759
0,1,-1,-4,1,14.0,0,1.9,24.0,3,5.9,972
1,-1,-1,-6,1,11.0,2,2.7,26.3,3,3.3,672
1,1,-1,-7,14,12.8,0,0.8,14.0,2,7.5,2689
1,-1,1,16,4,8.0,1,6.8,13.6,2,4.7,370
0,-1,1,3,8,0.6,0,0.8,18.5,2,5.2,165
1,-1,-1,-3,12,22.0,0,0.8,23.4,3,6.7,2641
1,1,-1,-12,2,18.1,1,1.6,5.3,2,3.3,562
1,1,1,14,11,23.5,0,1.4,6.4,2,2.5,2217
1,-1,1,8,7,7.8,0,5.6,19.7,2,4.6,1072
0,-1,-1,-14,11,5.2,9,9.7,9.4,2,2.3,2731
0,-1,-1,-26,3,8.1,0,1.1,23.7,3,5.8,758
1,-1,1,6,7,2.9,0,0.8,25.8,3,7.3,2837
1,1,-1,-13,4,10.0,1,2.2,15.7,2,3.7,364
0,-1,-1,-7,11,19.9,4,3.4,0.6,2,2.2,1527
1,1,1,7,10,15.0,1,1.4,10.0,2,1.4,2662
0,1,-1,-8,6,21.0,0,5.6,25.5,3,7.2,85
0,-1,1,16,8,22.0,3,2.8,16.8,2,4.9,2711
0,-1,1,19,8,5.1,0,1.9,20.6,3,7.6,730
1,1,-1,-7,7,12.4,0,0.7,23.0,3,8.3,1666
0,1,-1,-17,13,13.3,12,10.8,5.2,2,0.4,786
1,-1,-1,-5,1,11.1,0,0.8,23.7,3,4.5,684
1,-1,1,11,8,13.5,0,0.8,24.5,3,4.0,1479
1,-1,1,4,5,8.0,3,5.7,24.4,3,5.3,364
0,-1,1,7,19,5.7,0,0.7,26.1,3,9.6,2180
0,-1,-1,-4,5,11.8,0,0.8,24.2,3,7.3,1887
1,1,-1,-9,11,12.2,3,4.9,19.0,2,4.4,2600
0,1,1,2,5,6.5,0,2.4,17.3,2,4.1,2142
0,1,-1,-3,15,0.0,0,0.6,25.8,3,6.8,2162
0,-1,-1,-27,2,2.6,1,2.4,22.4,2,3.2,1382
1,1,1,3,3,9.5,0,0.6,4.2,2,3.5,267
1,-1,1,27,8,17.2,5,6.2,24.3,2,2.8,1645
1,1,-1,-16,2,11.0,1,4.9,12.1,2,3.3,595
1,1,-1,-5,5,12.8,0,0.8,7.2,2,1.9,2102
0,-1,1,7,5,9.9,4,3.4,14.1,2,3.8,917
1,1,-1,-8,4,6.4,5,5.6,0.9,2,0.9,1322
1,1,1,4,20,3.6,4,7.6,2.9,2,0.2,2694
0,1,-1,-27,11,16.6,7,7.6,5.9,2,1.1,2529
1,-1,-1,-4,5,18.0,7,6.3,21.0,2,6.5,1254
1,1,-1,-5,9,21.6,4,3.8,2.6,2,15.1,1857
0,-1,-1,-4,10,13.3,0,0.9,24.2,3,3.5,2696
0,-1,-1,-8,5,15.6,6,5.6,1.3,2,2.4,1232
0,-1,1,21,18,9.4,0,0.8,19.3,2,5.9,2306
0,1,-1,-15,6,6.0,2,3.4,4.2,2,0.6,1041
1,1,1,28,4,0.0,0,2.1,33.0,3,7.8,2166
0,-1,-1,-8,9,10.4,0,1.0,4.6,2,1.7,2071
0,1,-1,-16,9,4.9,5,3.2,20.4,2,4.9,2831
1,-1,1,21,1,10.8,0,0.9,21.2,2,4.1,457
0,1,1,9,1,24.0,4,4.0,11.5,2,7.5,1056
1,-1,1,10,7,2.7,6,6.1,3.5,2,2.7,1990
1,1,1,1,9,5.0,0,1.1,24.3,3,14.3,2234
0,-1,1,4,17,7.8,7,6.4,25.1,3,4.9,2272
1,1,1,1,1,13.2,0,1.1,3.3,2,2.2,708
0,1,1,7,6,15.4,0,0.9,22.0,3,11.4,961
1,-1,-1,-8,15,0.0,2,2.6,5.2,2,4.5,2175
1,1,-1,-8,4,13.6,0,0.6,24.2,2,8.9,973
0,1,1,12,3,14.6,1,1.3,24.4,3,4.7,1292
1,-1,1,13,3,16.4,0,1.0,2.2,2,5.5,427
0,-1,-1,-7,8,12.0,4,5.2,15.4,2,2.4,1909
1,-1,1,19,2,7.9,0,3.6,4.3,2,3.0,1281
0,-1,1,8,5,15.7,0,0.7,12.3,2,4.1,358
0,1,1,8,7,0.0,0,1.0,13.3,2,2.8,2
0,-1,1,5,1,11.0,0,1.0,3.6,2,4.4,1155
0,1,1,2,9,14.5,13,9.6,8.8,2,2.6,2741
1,-1,-1,-14,3,24.0,0,0.0,1.8,2,0.8,795
0,1,-1,-8,12,15.2,1,2.8,25.0,3,10.8,1629
0,-1,1,8,3,9.4,0,0.9,24.2,3,5.0,1125
1,1,1,8,8,10.8,1,6.4,9.6,2,3.2,2078
1,-1,1,17,8,3.2,0,1.7,22.9,3,8.3,771
0,-1,1,7,12,18.2,7,5.6,2.3,2,2.8,1526
0,-1,1,12,8,18.6,1,1.6,8.8,2,2.6,1058
1,-1,-1,-5,10,24.0,0,0.2,1.2,2,1.7,1513
0,1,1,3,16,21.2,2,2.3,3.8,2,1.9,1826
0,1,-1,-15,7,18.4,4,4.2,25.1,3,5.6,2296
0,1,-1,-20,5,20.5,0,1.2,2.5,2,0.4,997
1,-1,-1,-13,6,4.0,0,0.6,24.9,3,7.8,2124
1,1,-1,-4,5,19.2,0,1.2,26.7,3,11.5,843
0,-1,1,17,4,21.6,0,0.6,3.4,2,1.5,314
1,-1,1,7,4,18.0,0,0.9,22.9,3,6.6,811
0,-1,-1,-8,4,17.1,0,0.8,22.3,3,2.3,2633
1,1,-1,-4,1,11.2,0,1.5,17.8,2,5.9,410
1,1,1,2,1,10.2,0,0.9,23.5,3,9.2,571
0,-1,-1,-9,3,15.5,0,0.8,24.1,3,5.4,417
0,1,-1,-6,4,14.1,0,0.9,1.7,2,3.1,253
1,-1,1,5,11,8.2,0,1.5,10.9,2,3.5,1854
0,-1,1,2,14,2.0,0,0.1,22.0,2,3.0,2224
1,-1,1,5,13,15.7,0,0.1,2.0,2,3.6,2020
0,1,-1,-12,13,16.7,7,6.1,26.3,3,6.2,2223
0,-1,1,9,15,24.0,0,0.9,6.3,2,4.7,2365
0,-1,-1,-7,4,12.9,0,0.9,21.3,2,3.9,2027
1,-1,1,11,15,11.0,2,2.4,6.1,2,3.8,1638
0,1,-1,-6,1,3.4,5,4.1,24.4,3,2.1,1312
1,1,1,5,14,11.5,3,5.4,22.4,2,2.0,1861
0,1,-1,-39,1,14.3,0,1.1,25.2,3,8.2,291
0,1,1,18,8,9.9,2,4.5,9.5,2,2.5,2147
0,-1,-1,-8,14,5.8,0,0.8,23.0,3,2.8,2384
1,-1,-1,-12,5,5.4,2,2.2,0.9,2,2.1,187
0,-1,-1,-9,5,18.8,5,5.6,19.5,2,3.5,1140
0,-1,1,24,8,20.2,4,4.4,16.7,2,5.3,1071
1,-1,1,4,11,9.7,2,2.4,12.6,2,4.0,2866
1,1,-1,-6,5,5.6,12,11.6,5.9,2,2.7,185
1,-1,1,2,8,9.5,0,0.6,2.6,2,0.9,2738
1,1,1,6,10,20.3,3,2.9,4.1,2,1.9,2689
1,1,-1,-12,5,8.0,2,2.3,6.0,2,0.6,2797
1,1,1,24,8,15.2,0,0.5,7.0,2,5.1,1752
0,-1,-1,-11,14,1.5,1,3.3,19.0,2,3.1,737
0,1,-1,-10,10,17.0,2,2.2,8.5,2,2.6,1971
0,1,-1,-16,2,24.0,0,0.0,3.5,2,0.3,323
1,-1,-1,-16,1,20.0,0,0.9,4.1,2,2.6,292
0,-1,1,8,11,5.4,1,1.7,21.9,2,3.0,2088
0,-1,-1,-4,4,18.0,3,4.2,5.1,2,1.9,1184
0,1,1,14,12,9.9,2,2.6,6.7,2,1.4,2777
0,1,-1,-23,3,11.0,0,0.8,15.3,2,6.5,1387
0,1,1,16,4,10.4,0,0.7,18.8,2,6.5,1196
0,-1,-1,-15,2,5.3,0,1.1,1.3,2,2.0,455
0,-1,-1,-6,1,13.3,2,4.5,9.4,2,2.1,581
0,1,1,7,1,9.7,1,1.5,7.5,2,1.3,706
0,1,1,16,24,13.8,1,0.9,25.6,3,3.8,2405
0,1,-1,-15,5,4.9,3,5.7,7.1,2,2.3,1734
0,-1,1,5,6,12.6,2,4.2,8.8,2,4.4,324
1,1,1,7,8,4.9,0,0.8,19.7,2,7.8,930
0,-1,1,4,18,11.6,9,10.2,8.0,2,3.0,2340
1,1,-1,-16,4,13.6,0,0.8,23.9,3,5.1,536
1,1,-1,-14,8,17.5,0,0.6,1.8,2,2.5,2825
0,-1,1,30,13,14.7,3,3.6,21.2,2,8.7,1619
1,1,-1,-3,12,11.8,1,4.7,6.0,2,2.1,2011
0,-1,1,20,2,7.6,0,0.8,6.0,2,2.0,508
1,1,-1,-9,12,10.6,1,1.8,8.2,2,2.6,1638
0,1,-1,-10,10,0.0,0,0.6,25.6,3,6.2,720
1,1,-1,-8,2,14.1,0,1.0,2.7,2,9.6,590
1,-1,-1,-12,16,11.1,3,2.7,3.0,2,5.1,2328
1,1,-1,-6,23,10.5,0,0.7,23.9,3,6.5,2281
1,-1,1,14,9,9.0,1,1.2,6.2,2,2.7,1516
0,-1,1,6,10,11.4,0,1.1,23.3,2,7.6,2263
0,1,-1,-16,11,4.0,1,1.8,24.3,3,3.4,2438
0,-1,1,9,6,5.0,0,0.7,26.0,3,4.3,2689
1,-1,-1,-5,6,1.9,2,3.1,17.1,2,1.7,2613
0,-1,1,7,2,2.5,2,3.2,7.3,2,0.4,155
1,1,1,5,3,10.5,1,1.5,4.9,2,1.8,1415
0,1,-1,-3,3,9.0,0,0.9,18.9,2,4.4,2722
1,-1,1,8,5,9.0,4,4.3,6.6,2,2.4,816
1,1,-1,-10,2,13.0,2,2.4,6.8,2,1.8,412
1,1,1,1,8,11.7,0,1.4,18.2,2,5.6,806
1,-1,-1,-14,3,8.9,1,4.1,5.3,2,0.0,499
0,-1,-1,-6,3,9.4,0,1.0,25.1,3,4.7,35
1,-1,-1,-14,8,4.0,1,2.0,24.3,3,8.0,2826
0,-1,1,17,12,7.6,4,2.8,17.4,2,4.5,1695
1,1,1,4,8,7.8,0,1.4,2.6,2,1.0,836
1,1,1,7,9,14.3,0,0.9,4.6,2,1.8,1686
0,1,-1,-7,6,5.5,0,4.5,6.5,2,2.8,1662
1,-1,1,16,6,16.0,0,0.9,24.3,3,6.6,1050
0,-1,-1,-1,1,21.6,0,0.8,24.8,3,8.9,584
1,-1,-1,-35,3,15.4,0,0.8,3.5,2,2.5,459
1,-1,1,5,8,8.3,1,2.0,20.1,2,3.5,2028
0,-1,-1,-4,1,11.5,0,0.9,25.6,3,4.1,658
0,1,-1,-7,14,6.7,3,4.7,4.1,2,1.7,2292
1,1,1,6,6,20.0,0,1.0,23.9,3,8.9,1106
1,1,-1,-18,13,6.4,1,2.5,15.9,2,3.7,1596
1,1,-1,-6,4,2.7,0,0.8,4.8,2,1.7,872
1,1,1,12,15,12.0,1,1.6,5.9,2,1.9,1567
1,-1,1,11,12,10.3,0,0.9,23.0,3,3.9,2820
1,1,1,9,2,19.8,0,0.7,5.4,2,4.3,461
0,1,-1,-17,11,15.3,9,7.7,13.3,2,4.8,941
1,-1,1,5,2,9.0,2,3.4,1.3,2,3.8,1244
0,1,1,5,3,2.7,1,1.4,7.7,2,3.3,1765
0,-1,1,21,6,8.8,0,0.8,25.0,3,6.9,859
1,1,-1,-17,6,20.4,2,2.1,2.9,2,1.8,2107
0,1,1,4,9,11.7,0,0.8,22.0,3,7.9,2666
0,1,-1,-16,5,2.6,0,0.6,22.3,3,4.1,1187
0,1,1,11,4,15.5,4,7.2,8.3,2,8.3,220
0,1,1,10,5,0.0,0,0.0,2.3,2,1.3,1443
0,-1,1,10,12,4.0,0,1.2,22.3,3,2.8,1790
1,-1,-1,-5,15,10.3,0,0.8,23.7,3,3.5,1980
0,-1,-1,-1,8,20.6,7,4.2,3.1,2,0.7,2719
0,1,-1,-4,11,13.3,0,0.9,23.0,3,10.7,2401
0,-1,1,5,1,0.6,0,0.8,22.2,2,1.4,158
1,-1,1,8,9,14.2,0,0.9,1.0,2,2.1,2722
1,1,-1,-16,6,14.0,0,0.2,1.5,2,1.5,1844
1,1,1,9,4,18.0,2,4.3,8.9,2,3.8,316
0,1,-1,-14,7,13.2,0,0.7,8.1,2,1.8,2278
0,1,-1,-27,8,15.5,0,0.8,24.3,3,7.2,2272
1,1,1,4,3,15.0,1,2.8,7.9,2,2.7,158
0,-1,-1,-8,3,20.7,0,1.0,10.3,2,3.4,399
1,-1,-1,-17,12,13.0,0,0.9,18.1,2,5.8,2481
0,-1,-1,-6,12,9.9,7,9.1,4.8,2,2.4,1457
1,1,-1,-9,15,8.0,6,5.0,7.8,2,1.4,2272
1,-1,-1,-12,10,24.0,0,0.0,5.1,2,2.1,2658
0,1,-1,-3,4,8.7,0,0.8,22.0,3,4.4,906
0,-1,1,11,1,2.9,6,8.8,16.4,2,2.5,601
0,-1,1,9,13,13.2,6,5.2,16.8,2,5.3,2538
1,-1,1,7,4,9.2,5,5.4,22.0,2,4.3,100
1,1,-1,-8,4,12.0,0,0.7,23.6,3,8.0,254
0,1,1,9,6,6.0,0,0.3,26.5,2,7.4,2862
0,-1,-1,-2,5,2.5,2,3.7,11.6,2,1.7,774
1,1,-1,-27,10,20.5,1,2.1,23.0,3,4.8,989
1,1,-1,-17,5,13.4,12,9.4,3.0,2,2.2,2483
0,1,-1,-10,4,0.0,0,1.0,24.1,3,15.1,722
0,-1,-1,-2,10,5.0,1,1.0,22.4,3,3.4,2470
1,-1,1,15,2,3.1,0,0.8,4.7,2,2.3,646
0,-1,1,3,7,0.6,1,5.2,5.4,2,0.8,2292
0,-1,-1,-9,6,9.6,1,2.5,20.9,2,3.5,1066
1,1,-1,-7,4,11.0,1,2.0,24.6,3,5.6,757
0,1,1,5,6,6.9,0,0.8,22.3,3,4.7,1158
1,-1,1,9,2,6.3,3,4.6,4.4,2,2.5,300
0,1,1,3,5,13.5,11,9.5,15.5,2,1.2,2840
1,-1,-1,-13,5,16.4,3,4.5,10.6,2,0.3,164
1,1,-1,-11,6,10.0,2,2.6,15.1,2,2.7,1090
0,-1,1,19,5,7.4,0,0.7,24.3,3,4.4,759
1,1,1,16,19,6.5,0,1.3,28.1,3,4.0,2225
1,-1,1,10,21,2.8,0,0.8,24.7,3,6.8,2199
0,1,1,8,15,11.1,3,4.4,21.3,2,3.0,3083
0,1,-1,-25,9,8.9,0,1.2,25.3,3,5.9,1670
0,-1,-1,-18,13,12.4,0,1.0,24.9,3,3.1,2317
0,1,1,12,5,5.1,0,1.6,24.2,3,2.0,2766
0,1,1,8,4,10.4,0,1.3,3.4,2,1.5,767
1,1,1,2,9,18.8,0,1.0,18.1,2,10.8,1662
1,1,-1,-9,17,2.6,2,2.1,4.5,2,2.0,2413
0,-1,1,4,5,9.0,4,5.2,8.1,2,1.2,2866
0,1,1,6,11,10.2,8,5.5,12.7,2,2.7,2653
1,1,-1,-5,2,8.0,0,0.9,24.3,3,6.9,478
0,1,-1,-1,18,7.6,0,0.9,24.1,3,5.1,2439
0,1,1,2,19,10.2,14,13.0,18.9,2,4.1,1651
1,-1,-1,-25,5,5.9,0,0.6,0.2,2,1.3,2771
1,-1,-1,-6,1,2.3,1,2.0,8.0,2,2.5,544
1,1,1,24,7,24.0,0,0.4,1.0,2,2.2,2772
0,-1,1,25,1,12.1,0,0.8,20.7,2,7.1,617
0,1,-1,-1,2,13.5,0,0.9,26.3,3,4.7,72
1,-1,-1,-10,8,6.5,0,0.4,2.5,2,0.3,1162
1,1,1,20,1,11.6,0,1.1,25.6,3,5.4,148
0,-1,1,9,4,4.0,0,0.8,24.5,3,4.2,819
0,1,1,2,2,14.6,0,0.4,1.6,2,2.9,627
0,1,-1,-6,1,6.5,0,1.6,25.2,3,4.6,1297
0,-1,1,5,2,14.0,1,1.9,19.0,2,3.2,356
1,1,-1,-17,9,24.0,0,0.0,14.6,2,11.4,2588
0,1,-1,-10,7,0.0,2,2.1,3.2,2,1.3,2029
0,1,-1,-8,3,12.6,0,1.0,19.9,2,6.2,2125
0,-1,-1,-7,12,6.5,2,2.6,15.9,2,3.8,1626
1,1,-1,-5,13,12.1,4,2.7,3.7,2,1.6,1662
0,1,-1,-7,4,15.0,3,3.5,15.0,2,3.2,250
0,-1,-1,-2,2,8.4,1,2.0,10.8,2,1.4,470
1,1,1,14,8,14.2,2,3.1,6.7,2,2.0,956
0,-1,1,6,4,6.0,1,1.4,5.3,2,3.7,307
0,-1,1,16,3,20.2,4,3.9,15.8,2,2.0,35
1,1,1,14,1,13.9,0,0.7,3.9,2,2.9,649
1,-1,-1,-5,3,0.0,0,0.6,3.1,2,3.1,721
1,1,1,24,8,13.1,0,1.0,24.1,2,6.1,2741
1,1,1,12,2,4.2,0,2.1,19.4,2,7.5,350
0,1,-1,-11,3,6.0,3,5.2,18.3,2,4.5,2100
0,-1,1,5,3,12.8,0,0.8,23.4,3,8.7,814
0,1,1,5,4,13.9,12,10.2,17.5,2,2.9,1052
1,-1,1,7,8,0.0,0,0.8,23.8,3,14.1,1785
0,1,-1,-12,5,5.5,10,10.8,24.4,3,6.1,1279
0,-1,-1,-12,8,1.0,1,1.5,13.6,2,3.9,1096
1,1,-1,-15,5,13.4,4,3.6,3.6,2,4.6,1323
0,1,1,5,1,3.3,0,0.6,25.0,3,4.4,92
1,1,-1,-5,1,24.0,0,0.1,2.8,2,2.1,499
0,-1,-1,-3,5,2.6,0,1.4,31.8,3,10.0,2756
0,1,1,6,3,11.1,2,3.1,12.7,2,3.6,261
1,-1,1,19,6,4.8,0,0.8,18.4,2,6.1,925
0,1,-1,-2,4,3.2,4,3.7,19.5,2,4.3,176
0,-1,-1,-9,4,12.6,0,0.7,15.8,2,5.2,385
0,1,1,12,13,14.0,0,0.8,24.6,3,5.7,1743
1,-1,1,16,12,2.1,3,3.3,5.9,2,2.0,2389
0,-1,-1,-7,1,10.3,0,0.8,22.7,3,2.9,634
1,-1,-1,-12,3,19.9,1,1.5,3.9,2,1.4,252
0,-1,-1,-24,5,16.8,7,6.7,20.8,2,10.5,1046
0,1,-1,-7,1,6.1,1,0.7,25.5,3,4.6,624
1,-1,-1,-6,9,13.7,0,0.7,2.7,2,3.2,2981
0,-1,1,2,24,10.6,0,0.1,5.3,2,2.0,2510
0,-1,1,16,3,9.1,0,0.7,25.7,3,4.4,1363
0,1,1,4,11,8.3,2,2.6,5.4,2,1.0,2085
1,-1,1,4,2,7.4,0,1.0,24.0,3,3.3,1389
0,-1,-1,-3,6,11.7,0,1.4,15.6,2,3.1,1259
1,1,-1,-11,8,4.8,1,3.9,6.9,2,2.2,749
0,-1,-1,-12,7,24.0,0,0.0,4.1,2,2.6,939
1,1,1,6,11,8.8,2,3.4,4.7,2,0.5,935
1,-1,-1,-9,7,22.2,1,2.1,6.2,2,1.8,2230
0,-1,-1,-16,4,12.7,0,0.7,21.9,2,3.2,552
1,1,1,10,9,13.2,2,2.3,18.8,2,6.4,60
0,1,-1,-1,3,6.6,0,1.0,23.9,3,9.5,1337
0,-1,-1,-11,2,0.4,0,-3.4,10.1,2,3.9,4
0,-1,-1,-4,16,6.1,1,5.3,13.5,2,2.0,1578
0,-1,1,11,10,8.9,2,2.9,9.1,2,2.5,2664
1,1,-1,-2,2,3.7,11,10.2,18.4,2,5.1,1060
0,1,1,5,10,7.4,0,1.1,3.4,2,1.5,1036
1,1,-1,-3,8,3.0,2,2.0,9.3,2,3.7,1698
0,1,1,3,6,0.0,0,1.1,38.8,3,1.9,721
0,-1,-1,-1,11,13.6,1,1.8,12.3,2,2.6,2111
0,1,1,5,11,9.3,1,1.4,23.4,3,6.6,773
0,-1,-1,-5,8,0.0,1,1.2,39.1,3,8.3,1442
0,1,1,6,9,9.0,2,3.4,19.2,2,3.8,2329
1,-1,1,4,17,19.3,4,4.3,5.8,2,2.2,2417
0,1,-1,-10,2,20.0,3,2.9,6.5,2,3.5,1630
0,-1,1,4,1,0.0,0,2.4,10.3,2,0.2,233
0,-1,1,21,1,4.0,0,0.9,19.2,2,7.9,674
1,-1,-1,-10,13,7.6,0,1.1,2.7,2,2.2,2536
0,-1,1,17,8,10.6,4,4.0,15.7,2,3.4,2087
0,-1,-1,-20,2,12.5,1,1.9,3.1,2,1.8,1538
0,1,-1,-8,20,24.0,0,0.2,1.2,2,3.8,2274
1,-1,1,19,7,14.2,1,1.9,18.1,2,6.0,1244
1,-1,1,5,23,10.4,11,11.3,5.2,2,2.1,2331
1,1,1,5,13,21.0,0,0.6,25.5,3,6.3,763
0,-1,1,8,8,20.5,1,0.9,23.3,3,4.9,2229
1,1,1,17,7,8.6,1,1.0,25.1,3,3.9,2145
0,1,-1,-6,9,3.1,2,0.9,26.2,3,5.6,910
1,-1,-1,-3,2,14.7,9,9.3,22.9,2,6.5,384
1,-1,1,1,4,16.7,0,0.5,0.9,2,2.5,37
0,1,-1,-9,4,10.7,0,0.8,24.6,3,4.7,1510
0,-1,1,9,1,20.0,3,2.9,12.7,2,3.9,606
1,-1,-1,-10,1,0.0,0,0.6,18.5,2,3.2,70
0,1,-1,-5,2,17.0,0,1.0,0.5,2,2.2,382
1,-1,1,9,11,21.1,3,4.0,1.7,2,4.7,1619
0,-1,1,10,9,9.3,1,3.8,24.1,3,3.5,2433
0,-1,-1,-3,11,9.1,0,0.6,5.4,2,2.7,1473
1,-1,1,8,3,20.7,1,1.2,2.1,2,4.4,1271
0,1,1,6,6,3.4,2,4.4,6.3,2,1.2,287
1,-1,1,3,7,0.0,6,5.8,5.5,2,5.0,724
0,1,1,6,10,9.6,0,0.8,5.6,2,3.3,1799
0,-1,1,10,6,9.0,0,0.8,23.7,3,4.7,2730
1,1,-1,-10,1,14.6,6,5.5,6.1,2,1.6,580
1,1,1,4,2,18.7,0,0.6,2.6,2,3.3,502
1,-1,-1,-10,1,6.5,0,0.6,0.5,2,3.3,1822
1,-1,-1,-14,2,6.3,4,5.3,15.9,2,6.4,2790
1,1,-1,-19,7,20.4,1,2.0,4.0,2,2.3,2630
1,1,-1,-2,2,20.8,2,3.8,5.0,2,3.7,2703
1,-1,-1,-11,16,13.2,3,5.6,8.5,2,3.4,2325
0,-1,1,7,8,14.3,12,10.1,15.0,2,4.6,2026
0,1,-1,-9,4,0.7,2,2.5,0.4,2,1.6,1274
0,-1,1,7,15,10.7,1,3.6,14.6,2,2.3,2663
0,1,1,3,4,3.4,1,2.0,2.9,2,1.1,1115
1,-1,1,3,4,16.3,4,4.3,12.7,2,2.7,1529
0,1,1,11,8,16.1,0,0.9,24.9,3,5.7,1493
0,1,-1,-20,7,10.6,0,1.0,25.5,3,7.6,1531
0,-1,1,11,11,0.9,1,1.4,10.9,2,2.0,2603
0,-1,1,8,7,24.0,0,0.0,0.3,2,1.1,1637
0,-1,1,25,4,14.9,0,0.4,5.1,2,4.2,1857
0,-1,1,17,8,0.0,0,0.9,22.4,2,15.1,731
1,1,-1,-8,3,3.6,25,20.4,2.6,2,2.2,7
1,1,-1,-12,8,7.0,0,1.2,7.4,2,6.3,1455
0,-1,1,11,2,10.6,0,1.2,19.6,2,4.4,635
1,1,1,16,2,12.4,1,2.0,21.7,2,3.3,1363
0,1,1,1,17,10.1,16,14.4,6.8,2,3.5,2386
0,1,1,3,4,15.1,1,1.2,16.6,2,2.9,396
1,1,-1,-11,3,16.0,0,0.6,3.5,2,2.5,1260
1,-1,1,12,4,19.7,1,1.2,3.6,2,2.9,1985
1,-1,-1,-9,4,24.0,0,0.0,2.8,2,0.0,2494
0,1,-1,-12,8,3.2,0,1.2,20.1,3,3.3,1480
1,1,-1,-7,10,20.2,0,0.5,0.4,2,1.8,1894
1,-1,1,10,9,4.7,20,19.3,6.8,2,2.8,1446
0,1,-1,-11,5,9.7,1,1.5,5.2,2,1.5,1387
1,-1,-1,-11,6,5.7,0,0.9,3.4,2,1.3,1024
0,1,1,8,15,1.6,2,3.6,13.4,2,2.6,2532
1,1,-1,-3,1,7.6,2,4.0,16.3,2,1.9,559
1,1,-1,-17,2,24.0,0,0.3,1.5,2,2.8,665
1,-1,-1,-8,2,24.0,0,0.4,1.3,2,2.9,2002
0,-1,1,36,8,3.0,5,6.6,12.8,2,2.9,1050
0,-1,-1,-18,3,3.2,0,0.8,20.3,2,6.4,870
1,-1,1,4,1,12.8,0,0.9,24.1,3,5.7,1429
0,-1,-1,-35,7,11.9,0,0.7,27.1,3,7.3,2148
0,1,-1,-7,11,15.1,8,8.4,4.3,2,2.1,1702
0,1,-1,-9,8,8.0,0,0.9,5.8,2,3.2,2635
0,1,-1,-20,3,6.2,0,0.9,25.2,3,3.8,1168
0,-1,-1,-16,4,14.1,2,2.1,3.4,2,3.3,150
0,-1,-1,-6,1,0.0,7,9.6,11.6,2,3.0,615
1,1,-1,-6,7,10.9,0,1.0,13.1,2,3.7,2800
0,1,-1,-2,8,23.7,0,3.7,2.6,2,2.1,2436
0,-1,1,11,11,16.7,0,1.2,24.6,3,10.0,2309
0,-1,1,7,9,0.4,0,0.1,26.6,3,2.2,1961
0,-1,1,27,2,10.3,13,11.4,14.9,2,1.6,2492
1,1,-1,-7,3,12.8,0,0.0,3.0,2,1.5,399
1,-1,-1,-11,19,10.8,3,3.5,16.3,2,3.3,1626
1,-1,-1,-1,1,8.3,0,1.0,4.3,2,2.9,504
1,1,-1,-5,4,15.3,0,0.9,4.3,2,1.5,1053
1,1,1,10,4,8.0,1,1.9,7.1,2,4.7,781
0,-1,-1,-28,4,21.5,2,2.5,6.1,2,2.3,2843
0,-1,1,7,2,15.5,10,8.9,15.7,2,3.1,1156
1,1,1,24,8,2.8,0,0.8,27.3,3,5.7,1628
1,1,-1,-2,4,12.7,0,1.2,3.4,2,4.1,359
0,1,-1,-19,5,6.1,2,7.2,10.1,2,3.6,1336
0,1,1,5,9,14.1,0,1.0,20.1,2,9.7,1949
0,-1,-1,-14,5,5.0,0,1.2,24.8,3,6.4,2116
1,-1,-1,-19,9,7.8,2,2.2,16.8,2,7.6,1813
1,-1,-1,-9,1,11.1,10,10.7,6.4,2,5.4,56
0,-1,1,15,4,19.9,0,0.7,25.0,3,5.4,1169
0,1,1,7,1,12.2,0,1.0,18.9,2,6.7,1039
0,-1,1,8,5,7.5,0,1.0,24.3,3,10.1,1050
0,1,1,10,5,18.0,1,1.4,21.0,2,3.8,878
0,-1,-1,-8,14,9.1,5,4.5,3.8,2,1.0,1636
1,1,1,2,12,12.1,1,2.5,18.9,2,4.4,2516
0,1,1,4,3,5.3,0,0.8,5.1,2,2.2,1370
1,-1,-1,-4,2,14.1,0,4.5,15.7,2,4.1,1619
1,1,1,18,2,10.3,0,1.0,23.6,3,5.1,505
1,1,1,11,1,17.9,0,0.7,20.6,2,6.9,507
0,1,-1,-15,8,12.9,0,0.8,3.0,2,2.9,1794
1,1,-1,-9,5,9.0,2,4.2,22.0,2,2.4,1211
0,1,-1,-10,6,10.9,4,3.7,7.7,2,1.4,876
0,-1,-1,-1,1,15.0,10,7.6,15.0,2,3.7,700
0,1,1,11,8,13.2,3,3.7,26.3,3,4.6,2683
0,-1,-1,-17,9,0.0,0,0.6,3.7,2,1.6,722
0,1,-1,-25,5,8.6,0,1.3,18.0,2,6.7,1761
1,1,-1,-5,9,11.4,0,0.6,2.9,2,1.5,788
0,1,1,5,2,9.7,1,3.0,16.6,2,5.8,563
1,1,1,17,5,6.3,2,2.9,4.3,2,1.0,1684
0,1,1,10,2,9.7,0,0.8,23.8,3,4.6,523
0,-1,-1,-4,6,13.6,0,2.3,17.8,2,3.9,2287
1,-1,-1,-14,4,7.0,1,1.4,5.0,2,2.2,2763
1,-1,1,16,2,14.6,10,8.5,0.6,2,2.3,345
0,-1,-1,-7,8,5.1,0,1.0,24.8,3,7.3,740
0,1,-1,-18,9,12.6,0,1.1,23.9,3,10.7,1902
0,-1,1,3,5,20.8,1,2.3,27.1,3,4.1,1139
1,1,1,9,15,14.0,0,1.2,25.7,3,6.6,1753
1,-1,1,7,7,12.7,0,1.6,19.3,2,9.1,1976
0,1,-1,-5,9,17.7,5,7.3,12.3,2,2.2,899
1,1,1,9,4,14.9,0,4.1,23.8,3,3.3,2083
0,-1,1,30,9,2.7,6,8.3,11.5,2,4.6,1453
0,1,1,16,3,5.8,19,18.3,8.2,2,2.1,1446
0,-1,1,43,1,11.3,0,0.8,18.9,2,5.6,1394
0,-1,-1,-2,22,19.0,0,1.6,23.1,3,4.8,2314
0,1,1,10,16,9.5,3,4.0,9.6,2,1.9,2823
0,-1,1,17,1,10.9,0,0.8,24.2,3,5.8,667
1,-1,-1,-19,6,9.0,2,2.5,12.0,2,3.1,1191
0,-1,1,12,4,15.9,10,8.4,9.7,2,4.1,919
0,1,-1,-14,8,15.7,2,3.6,10.1,2,1.0,2061
1,1,-1,-27,1,18.0,4,3.2,18.7,2,3.1,461
1,-1,1,15,9,20.9,0,0.8,3.3,2,8.6,1766
0,-1,-1,-19,5,0.6,1,2.2,17.5,2,3.3,910
1,-1,1,21,5,1.0,1,1.3,14.2,2,4.0,1704
1,-1,1,43,2,18.4,7,6.7,23.6,3,8.7,1002
0,-1,1,20,6,9.8,0,1.0,6.9,2,2.5,755
1,-1,1,14,6,5.1,3,7.6,5.9,2,2.0,239
0,1,1,12,5,19.7,5,3.6,14.6,2,3.7,924
0,-1,1,7,4,11.3,0,0.2,9.3,2,4.6,828
0,1,-1,-4,2,5.2,0,0.8,12.7,2,4.2,378
0,-1,-1,-18,2,14.0,0,0.8,25.0,3,6.1,1811
0,1,-1,-14,5,13.8,0,0.3,10.6,2,2.8,1234
0,1,-1,-9,8,15.0,7,8.4,27.0,3,5.0,2255
1,-1,-1,-9,13,17.1,0,0.2,2.7,2,2.7,2258
1,1,-1,-28,4,1.0,8,8.2,17.4,2,4.3,172
1,1,1,3,4,10.7,0,0.5,0.8,2,3.5,761
1,1,-1,-30,13,6.9,2,3.3,13.9,2,6.8,2249
0,1,-1,-20,4,15.6,8,8.2,24.0,3,4.2,213
0,1,1,23,3,11.4,3,2.6,5.5,2,2.2,114
0,-1,-1,-18,5,6.9,0,0.9,26.0,3,9.6,2240
1,-1,1,20,2,22.7,1,2.0,4.0,2,3.2,78
1,1,1,25,6,15.1,0,0.6,20.7,2,5.2,2360
0,1,-1,-3,6,1.8,7,9.1,3.7,2,1.3,143
1,1,1,1,7,22.4,0,0.5,2.1,2,0.0,1747
1,-1,1,7,9,24.0,0,0.0,2.2,2,1.4,2638
0,1,1,2,4,3.9,3,6.3,6.4,2,4.3,1685
0,-1,1,11,10,10.0,0,0.8,25.4,3,6.8,1532
0,-1,-1,-23,3,12.1,0,0.8,26.9,3,3.9,895
1,-1,-1,-6,1,24.0,0,1.0,3.9,2,2.9,700
1,-1,-1,-13,11,12.4,0,1.0,4.5,2,2.4,1744
0,1,1,16,7,24.0,0,0.0,4.6,2,0.6,1799
1,1,1,28,3,3.8,6,7.3,20.6,2,5.5,1227
0,1,-1,-5,3,20.7,0,1.4,23.8,3,10.0,542
0,-1,1,18,3,23.2,0,1.8,2.0,2,0.1,455
1,-1,-1,-23,5,11.1,0,0.6,3.2,2,3.3,2784
0,-1,1,7,18,10.7,0,1.1,23.3,3,9.6,2218
0,1,-1,-31,9,12.0,2,5.5,11.0,2,3.2,2343
1,1,1,7,12,6.7,1,1.4,14.5,2,3.7,828
1,1,1,12,7,10.8,3,3.1,17.0,2,3.2,2780
0,1,1,10,8,13.5,1,2.6,15.3,2,4.3,949
1,1,-1,-9,5,9.7,2,4.3,3.5,2,0.9,1174
0,1,1,23,10,5.0,0,0.9,24.5,3,4.5,2421
1,1,-1,-9,7,9.5,0,0.6,17.5,2,3.6,2079
0,1,-1,-20,13,4.3,2,4.4,10.5,2,3.6,2659
1,1,1,4,13,17.3,0,1.3,6.9,2,3.0,1852
1,-1,-1,-4,10,7.1,4,4.6,7.2,2,3.2,2614
0,-1,-1,-6,3,5.3,2,4.4,16.2,2,4.0,469
1,1,-1,-6,15,7.0,0,1.1,17.2,2,6.0,2300
0,1,1,8,7,14.2,0,1.0,25.3,3,4.8,2149
0,-1,-1,-1,4,18.4,0,0.8,17.6,2,4.0,445
0,1,-1,-11,2,4.3,0,2.7,3.0,2,2.8,1256
0,-1,-1,-7,1,18.0,2,3.0,20.1,2,7.6,671
0,1,-1,-2,2,5.8,3,3.8,9.3,2,3.2,571
0,-1,-1,-6,8,10.0,0,0.8,19.4,2,11.3,755
0,1,1,5,1,8.5,0,1.1,22.9,3,6.5,1233
1,1,1,14,12,1.2,25,22.9,25.8,3,4.3,1456
0,1,-1,-5,1,1.1,1,2.5,23.0,2,6.0,429
1,-1,-1,-38,9,13.8,1,2.0,1.7,2,3.4,1463
0,-1,-1,-14,6,4.5,0,0.7,1.0,2,3.7,994
0,1,1,20,10,5.6,2,3.0,9.6,2,3.9,2471
1,1,1,8,13,11.2,0,0.9,19.3,2,11.3,2413
1,-1,-1,-8,4,17.4,0,0.4,3.2,2,3.5,287
1,-1,1,9,5,7.0,0,0.5,1.3,2,3.6,1342
1,-1,-1,-1,10,24.0,0,0.7,2.5,2,2.4,2337
1,1,1,5,10,13.3,0,0.6,4.2,2,1.3,2482
1,-1,-1,-16,6,1.9,0,0.8,24.1,3,7.1,969
1,1,-1,-4,2,13.5,11,9.8,23.7,3,4.2,215
1,-1,1,8,2,5.8,2,3.9,18.9,2,2.4,1382
1,1,1,9,3,1.3,0,0.9,18.5,2,16.9,490
0,1,-1,-9,2,18.0,0,0.6,3.0,2,1.6,641
0,1,-1,-5,12,18.4,2,5.1,3.5,2,1.2,874
1,1,-1,-8,4,20.9,2,1.7,5.3,2,1.2,2581
1,-1,-1,-7,5,23.7,0,0.8,3.5,2,2.7,283
0,-1,-1,-2,7,0.0,0,0.7,25.1,3,5.9,2170
0,1,-1,-5,10,4.2,8,7.8,9.5,2,2.3,1830
1,-1,1,2,3,11.0,1,1.5,5.7,2,2.4,1512
1,1,-1,-11,10,10.3,2,6.2,6.8,2,2.3,1182
0,-1,1,8,8,14.3,1,2.1,7.3,2,1.8,1243
1,1,1,12,1,24.0,0,0.0,4.7,2,3.1,394
1,1,-1,-3,13,11.4,2,2.8,18.1,2,6.0,1881
0,-1,1,4,2,9.0,4,5.1,6.6,2,1.1,1278
1,-1,-1,-3,9,15.4,4,4.0,3.0,2,4.3,759
1,-1,1,19,5,7.8,0,0.4,3.2,2,3.1,1500
1,-1,-1,-7,1,11.0,1,4.1,0.4,2,2.5,706
0,1,-1,-17,7,0.0,0,0.4,4.6,2,5.6,1
1,-1,1,16,7,19.0,0,0.9,22.4,3,4.8,777
0,-1,-1,-27,6,16.1,3,2.8,23.5,2,6.3,71
1,1,1,5,5,7.0,0,0.9,23.4,3,4.9,2054
0,1,-1,-10,8,17.9,1,2.4,7.0,2,2.1,1705
0,-1,1,5,7,18.9,0,1.0,2.3,2,0.7,2522
0,1,1,1,9,9.9,0,5.6,2.8,2,1.9,2045
1,1,-1,-5,6,18.9,3,4.1,6.4,2,1.5,1288
0,-1,-1,-9,4,18.4,0,1.0,23.9,3,4.2,1211
1,1,1,14,4,11.0,3,6.5,12.1,2,2.1,2049
0,1,1,11,2,13.1,2,2.4,17.3,2,4.8,1429
1,1,-1,-12,5,0.0,4,4.3,24.1,3,3.6,1443
0,1,-1,-9,13,5.7,0,0.9,24.5,3,5.4,2582
0,1,1,11,6,10.9,0,1.1,23.1,3,5.9,2033
1,-1,1,27,5,16.2,0,1.1,23.7,3,13.7,374
0,1,-1,-11,6,18.8,7,5.4,18.3,2,6.0,76
1,-1,-1,-4,4,8.7,0,0.9,1.7,2,2.1,2089
0,-1,-1,-1,11,24.0,0,0.7,2.7,2,1.3,2208
1,-1,1,17,3,11.2,0,0.8,2.2,2,3.1,340
0,-1,1,30,9,3.6,3,5.7,11.2,2,2.4,1714
1,1,-1,-4,2,12.4,0,0.7,20.8,2,2.5,365
0,-1,-1,-24,3,9.0,3,2.4,8.2,2,1.7,134
0,-1,1,8,6,11.6,4,2.8,16.9,2,1.0,2116
0,1,-1,-17,6,9.7,0,2.6,19.4,2,4.4,2777
0,1,1,10,8,7.2,3,3.8,5.3,2,1.8,2443
0,1,1,6,18,3.0,21,21.1,3.8,2,1.6,1447
0,-1,-1,-2,8,0.0,0,0.0,3.6,2,2.3,2162
0,-1,1,11,5,6.8,0,0.9,20.5,2,3.9,2487
0,-1,-1,-6,2,0.0,1,2.8,25.4,3,9.1,2765
1,1,-1,-8,13,19.7,5,4.3,4.3,2,1.6,2257
1,-1,1,3,21,14.0,1,3.2,11.0,2,2.6,2260
1,1,1,7,2,9.2,0,1.0,25.5,3,8.0,1391
0,-1,-1,-2,11,6.3,21,18.0,13.0,2,6.9,1739
1,-1,-1,-2,4,11.9,2,3.6,21.5,2,5.9,240
0,-1,1,11,4,8.9,1,1.1,9.1,2,3.3,2665
0,-1,1,3,16,1.8,0,0.7,25.0,2,4.1,2239
1,-1,-1,-11,10,8.4,3,4.9,7.1,2,2.1,2666
1,-1,-1,-6,5,23.8,0,1.0,7.7,2,2.5,884
1,-1,1,16,3,9.7,0,0.7,2.8,2,7.2,414
0,1,1,3,3,11.8,1,6.0,7.8,2,3.7,157
0,1,-1,-4,12,13.5,3,6.3,14.1,2,3.5,2502
1,-1,1,17,18,7.7,0,0.8,20.4,2,7.8,2440
1,1,1,6,9,8.2,0,1.7,19.2,2,5.4,1801
1,1,1,3,1,12.2,0,0.6,2.7,2,2.6,578
1,1,-1,-5,17,12.3,0,0.8,12.6,2,3.4,2389
1,1,-1,-27,1,15.1,0,1.0,22.6,3,15.4,169
1,1,-1,-19,4,6.5,2,3.4,9.0,2,1.9,106
1,1,-1,-12,1,12.8,0,1.1,19.6,2,5.5,636
1,1,1,16,8,6.2,0,0.8,22.6,3,7.9,2503
1,-1,1,27,7,4.0,5,4.2,22.3,2,5.1,1625
0,1,1,6,6,4.0,1,1.7,20.6,2,5.1,2571
0,-1,1,5,14,7.1,1,2.9,24.6,3,3.8,2591
0,-1,1,18,16,20.2,1,2.6,24.3,3,9.5,2526
0,-1,-1,-20,17,15.3,1,0.9,23.1,3,2.8,2522
1,1,-1,-5,9,24.0,0,0.0,0.5,2,0.8,1765
0,1,-1,-10,8,0.5,0,1.1,21.7,2,2.7,1919
0,1,1,7,12,12.0,5,5.0,12.4,2,3.7,928
0,1,-1,-8,3,12.0,0,1.1,21.9,3,3.5,1278
0,-1,-1,-8,2,12.5,0,0.8,23.2,3,5.5,1249
0,-1,-1,-3,11,3.9,1,4.9,20.2,2,4.3,2810
1,-1,1,8,2,15.7,0,0.9,21.2,2,8.7,1232
0,1,-1,-5,4,17.1,9,7.0,5.1,2,4.2,2873
1,-1,-1,-12,13,10.7,4,4.0,5.4,2,3.2,2276
1,1,-1,-8,6,19.5,5,4.2,8.4,2,2.7,2232
0,1,1,3,11,5.7,2,5.5,14.7,2,3.2,2665
1,-1,1,2,1,24.0,0,0.7,24.4,3,7.2,1113
1,-1,-1,-5,12,10.2,0,1.4,21.7,2,8.2,2039
0,1,-1,-1,3,0.0,1,1.1,1.4,2,1.0,972
1,-1,1,8,10,19.2,0,1.0,22.3,3,4.9,1825
0,-1,-1,-16,1,12.6,0,0.6,22.6,3,4.9,626
1,-1,1,21,10,5.1,0,0.9,24.0,3,5.6,2441
0,1,-1,-7,5,24.0,0,0.9,2.6,2,3.5,1008
1,1,1,19,2,7.2,2,4.1,14.3,2,2.6,594
1,-1,-1,-8,9,13.3,0,1.2,21.0,2,4.7,2684
0,1,1,19,3,19.4,0,0.8,26.0,3,8.9,32
0,-1,1,2,19,7.8,1,1.4,3.0,2,1.4,2624
1,-1,1,23,4,1.9,3,3.2,6.5,2,1.3,405
0,-1,-1,-2,12,14.8,1,2.3,18.7,2,5.0,1643
0,1,-1,-53,6,12.3,0,0.9,23.0,3,5.8,1166
0,-1,-1,-12,11,6.7,0,0.9,24.9,3,3.6,1692
0,1,-1,-28,1,11.8,2,3.0,15.7,2,3.7,480
1,-1,1,6,11,13.0,11,9.7,6.4,2,3.4,2298
1,1,-1,-9,7,12.0,0,0.8,18.5,2,7.6,2668
0,-1,-1,-6,4,12.9,1,2.4,9.5,2,2.0,1505
0,1,1,9,3,19.6,1,1.7,7.0,2,1.1,907
1,1,1,1,4,24.0,0,0.0,1.7,2,0.7,154
0,-1,-1,-23,1,6.5,2,4.8,21.1,2,6.4,662
0,-1,1,26,6,5.8,2,5.7,24.3,3,5.9,10
0,1,-1,-6,5,1.4,0,0.8,24.5,3,9.8,1210
1,1,-1,-37,4,14.0,0,0.8,23.9,3,6.8,2849
0,1,1,15,10,9.6,2,4.7,5.4,2,5.4,1789
0,1,1,2,15,9.6,0,1.0,23.1,3,9.9,2285
0,1,1,16,2,8.4,2,3.5,8.2,2,2.9,1384
0,1,1,16,13,4.2,6,6.6,8.3,2,4.4,2083
0,-1,-1,-16,14,12.8,0,0.8,14.8,2,3.1,2850
0,1,1,2,10,15.2,0,0.6,23.3,3,4.0,2377
0,1,1,2,7,20.5,2,2.1,5.5,2,0.4,894
0,1,-1,-3,14,4.0,6,4.9,13.3,2,5.0,1738
1,1,-1,-35,6,17.0,0,0.9,4.6,2,1.2,1515
0,-1,-1,-3,15,16.0,0,2.4,18.5,2,4.4,1580
1,-1,-1,-6,1,4.3,0,0.4,2.5,2,1.3,460
1,-1,1,16,1,6.3,0,0.7,4.2,2,1.1,684
1,-1,1,15,3,12.0,2,3.3,2.0,2,1.4,417
1,1,1,22,6,13.1,3,3.1,3.1,2,2.3,1638
0,1,1,3,6,4.2,1,2.4,17.8,2,2.2,2140
1,-1,-1,-10,9,5.0,1,2.1,24.7,3,4.0,2086
0,-1,-1,-6,20,11.3,0,0.8,14.3,2,5.1,2397
1,-1,1,28,3,8.7,0,0.9,1.9,2,4.0,2552
1,1,1,7,1,13.6,8,6.4,20.0,2,4.5,1198
0,-1,-1,-3,4,2.2,7,7.6,21.8,2,3.0,1163
0,-1,1,8,9,10.1,0,0.8,26.7,3,5.4,1508
1,1,-1,-5,1,5.0,4,4.7,0.6,2,2.6,670
1,-1,1,14,14,9.0,2,2.9,6.0,2,4.3,1962
0,-1,-1,-1,16,2.8,1,4.3,6.3,2,1.4,2683
0,1,-1,-25,12,7.3,1,2.4,12.9,2,3.5,2488
0,1,1,2,5,20.8,2,2.2,12.3,2,5.7,2643
1,-1,-1,-2,4,19.7,0,1.3,24.5,3,9.9,170
1,1,1,15,7,12.6,4,4.8,18.6,2,3.0,800
1,1,1,17,9,6.7,0,1.0,25.3,3,6.5,1874
1,1,-1,-9,1,7.9,0,0.9,21.0,2,4.0,658
1,1,1,3,2,12.5,1,2.7,7.0,2,2.5,534
1,1,1,3,7,8.1,0,0.5,8.1,2,5.5,2001
0,1,-1,-3,1,8.6,3,2.2,12.4,2,2.6,191
1,1,1,3,2,7.1,0,0.8,1.9,2,2.5,2015
0,1,-1,-5,5,2.1,1,2.3,8.9,2,2.7,279
0,-1,1,5,5,20.5,2,4.0,17.6,2,3.5,1739
0,1,1,6,2,16.0,10,8.0,17.2,2,1.8,83
1,-1,1,8,9,14.1,0,0.7,25.3,3,4.2,1708
1,-1,1,11,9,6.5,0,0.8,1.8,2,0.3,104
0,-1,-1,-1,3,17.1,0,1.1,24.6,3,8.1,418
0,1,-1,-8,18,22.1,2,3.1,2.7,2,2.9,2747
0,-1,1,11,4,18.2,0,1.0,23.5,2,5.5,885
1,-1,-1,-7,3,24.0,0,0.3,2.0,2,3.5,748
0,1,-1,-1,8,14.6,11,9.9,24.0,3,5.2,1751
0,1,1,1,6,17.3,3,4.1,5.6,2,1.6,2114
1,-1,1,10,10,4.9,2,2.8,17.4,2,2.4,2861
1,-1,1,8,7,18.8,0,1.0,26.2,3,5.6,2628
1,1,1,7,1,3.1,1,2.6,22.7,2,3.8,1346
0,-1,1,19,1,6.1,3,6.9,1.1,2,1.1,611
0,1,1,2,9,19.7,3,2.8,3.9,2,2.2,1648
0,1,-1,-8,4,0.0,2,3.5,21.6,2,5.9,346
0,1,-1,-14,1,3.7,1,0.7,7.2,2,5.4,444
1,-1,-1,-14,5,23.4,1,1.5,1.1,2,1.6,2006
1,1,-1,-4,4,8.5,5,4.0,2.9,2,1.7,1014
0,-1,-1,-3,9,10.4,10,14.0,19.3,2,3.0,1827
0,1,-1,-20,2,9.4,2,3.5,15.0,2,4.3,590
1,-1,1,7,1,9.2,0,0.9,19.7,2,4.2,1146
0,-1,1,29,4,6.8,2,2.1,8.5,2,2.7,783
1,1,1,2,2,6.1,0,1.2,22.6,3,6.7,1962
0,-1,-1,-7,6,0.0,1,0.9,24.0,3,8.3,723
0,-1,1,20,8,24.0,0,0.0,3.1,2,2.1,1632
0,1,-1,-11,6,13.0,3,3.2,2.7,2,3.1,871
0,-1,1,16,4,9.5,3,2.1,17.2,2,4.9,2686
1,-1,1,12,11,15.0,0,0.2,2.8,2,0.5,753
1,1,1,1,7,10.4,2,3.0,24.6,3,3.7,997
1,-1,1,20,1,17.0,0,0.8,17.3,2,3.4,1293
1,-1,1,10,11,18.0,5,4.0,7.9,2,2.2,2546
1,1,-1,-8,8,11.6,2,1.8,9.7,2,1.6,1479
1,-1,1,4,11,24.0,0,0.8,4.1,2,3.0,2061
1,1,1,4,6,9.8,0,0.2,1.6,2,0.3,1088
1,1,1,9,14,6.0,0,0.7,22.4,3,8.2,2193
0,1,-1,-4,9,10.5,0,0.8,24.4,3,5.6,1976
1,-1,1,8,4,4.0,0,0.9,1.2,2,1.7,2720
0,1,-1,-7,5,8.8,6,5.8,3.4,2,1.0,1381
1,-1,1,20,6,14.0,0,1.0,24.4,3,5.3,2543
1,1,-1,-4,4,5.8,2,4.2,16.2,2,6.6,1084
0,1,-1,-23,10,13.0,0,1.0,22.4,3,3.7,2075
0,1,-1,-4,9,6.0,2,5.3,4.7,2,1.8,2670
1,-1,-1,-6,5,0.0,3,3.0,7.7,2,2.9,1412
1,1,-1,-4,2,3.7,1,1.5,0.6,2,1.5,472
0,1,-1,-1,8,3.8,6,6.1,7.1,2,1.6,2281
0,1,-1,-16,9,16.6,4,5.2,10.3,2,2.5,2464
0,1,-1,-17,3,19.6,1,1.4,7.5,2,3.0,981
0,1,1,4,9,0.4,0,1.1,24.5,3,2.5,1096
0,-1,1,5,11,20.3,4,4.2,3.9,2,2.2,1539
0,-1,1,2,1,14.4,0,2.2,14.4,2,4.0,559
1,1,1,2,6,0.0,0,0.7,8.6,2,3.1,1494
1,1,1,7,8,13.9,2,2.2,5.5,2,1.2,1830
1,-1,1,17,6,4.1,0,0.7,24.5,3,5.5,1993
0,1,1,10,4,14.0,2,6.4,2.0,2,2.7,257
1,1,1,17,8,0.0,17,14.7,16.0,2,5.4,1443
1,1,1,1,8,18.3,0,0.6,5.1,2,2.7,2404
1,1,1,10,3,11.8,16,11.7,6.7,2,3.2,1264
1,-1,-1,-7,16,2.0,6,5.5,5.8,2,2.3,2572
0,1,1,8,8,3.6,0,1.2,14.5,2,2.5,1255
0,1,1,16,2,11.6,15,12.1,24.5,3,2.2,2665
0,-1,-1,-7,1,10.3,0,0.8,24.1,3,10.2,78
1,1,1,25,9,3.9,0,1.4,24.3,3,4.4,2518
0,1,-1,-7,20,0.0,0,0.7,23.7,3,2.6,2170
0,1,-1,-12,5,18.0,5,6.2,3.5,2,3.8,1612
0,1,1,14,3,18.3,6,4.3,18.2,2,6.3,486
0,1,1,14,21,23.1,1,1.8,8.9,2,3.3,2328
0,-1,-1,-24,3,16.3,7,6.8,20.1,2,6.1,792
0,-1,-1,-5,11,5.3,0,0.9,3.6,2,2.2,1027
0,1,-1,-22,9,17.0,0,1.1,27.4,3,10.0,1664
0,-1,-1,-8,8,18.0,0,1.2,25.0,3,14.3,2832
0,1,1,23,3,12.7,0,2.0,23.5,3,7.0,508
1,1,-1,-5,4,3.4,2,4.1,8.2,2,0.4,1805
0,1,1,12,6,4.1,1,3.0,7.7,2,2.0,1544
1,1,1,5,19,17.1,0,1.0,24.5,3,11.0,2727
1,-1,1,16,6,24.0,0,0.6,1.7,2,3.3,1212
0,-1,1,15,11,9.1,0,0.9,25.2,3,4.2,2242
0,-1,1,16,2,17.1,0,1.3,24.8,3,11.9,170
0,1,1,6,5,7.0,1,5.4,15.1,2,2.0,1283
0,-1,1,22,10,23.5,0,2.2,4.2,2,3.9,2527
1,1,-1,-8,4,4.2,0,1.5,16.0,2,5.3,451
0,1,-1,-12,11,20.5,0,1.0,21.9,3,3.0,1922
0,1,-1,-23,9,11.1,2,3.6,8.7,2,2.3,851
0,1,-1,-9,4,9.5,0,0.7,5.7,2,3.0,377
0,1,1,11,13,0.8,1,2.8,21.6,2,2.1,2257
0,1,-1,-20,1,15.2,2,2.6,21.4,2,3.9,617
0,-1,-1,-9,6,10.0,6,4.5,21.7,2,5.4,306
1,1,1,6,1,5.4,1,3.4,12.8,2,3.6,1402
0,-1,1,4,4,17.4,0,1.1,17.0,2,4.5,390
1,1,1,9,2,10.6,0,1.2,19.9,2,5.2,1427
1,-1,-1,-5,14,18.0,0,0.7,24.4,3,5.2,2751
1,-1,-1,-1,9,9.9,4,4.4,13.9,2,3.3,1728
1,-1,1,10,4,0.0,6,5.8,15.6,2,4.3,226
0,1,-1,-4,3,24.0,0,0.3,1.6,2,2.1,505
0,1,1,7,5,13.2,0,0.5,5.7,2,3.1,414
1,-1,1,4,11,3.0,12,10.5,5.9,2,3.2,745
0,1,-1,-6,5,7.0,8,6.9,17.0,2,4.5,1071
0,-1,1,5,1,9.9,0,0.8,25.2,3,10.2,304
1,1,1,11,8,22.2,0,2.6,1.0,2,1.7,1901
0,1,1,2,7,22.6,0,0.6,2.0,2,1.9,253
1,1,1,11,1,15.5,0,2.2,21.5,3,7.6,220
0,1,-1,-17,2,13.9,9,9.6,20.0,2,7.0,603
1,1,-1,-4,9,11.8,14,16.6,4.1,2,3.0,2347
1,-1,1,23,5,21.0,0,1.3,5.7,2,5.0,1800
1,-1,1,7,12,7.0,3,2.1,19.2,2,2.9,2407
0,1,-1,-10,3,0.0,0,0.8,19.7,2,5.3,386
1,1,1,5,6,15.8,1,1.7,19.4,2,4.4,1252
0,-1,1,11,5,14.7,11,9.2,25.8,3,7.5,754
0,-1,1,5,15,6.0,0,3.8,17.5,2,4.7,1807
0,1,-1,-11,9,11.8,2,4.2,1.1,2,3.1,2611
0,-1,1,15,15,6.1,6,6.9,20.4,2,5.3,2256
0,-1,-1,-3,3,0.0,0,0.9,20.8,2,2.8,352
1,-1,-1,-7,8,9.7,1,1.5,18.5,2,4.8,1858
1,-1,1,25,2,18.1,0,0.1,4.4,2,3.6,1102
0,-1,1,8,4,15.2,3,2.5,10.5,2,2.9,1347
0,1,-1,-25,3,18.4,0,1.0,1.5,2,1.8,255
0,1,1,2,13,6.8,1,2.0,24.6,3,4.7,1816
